{
    "rmse": 0.6471873772306783,
    "mae": 0.5172998590962383,
    "r2": 0.2770944058565338
}