{
    "rmse": 0.7179558392618839,
    "mae": 0.5653278962393127,
    "r2": 0.2614913325975343
}